{"short_name":"WanderList","name":"WanderList - Travel Journey App","icons":[{"src":"favicon.ico","sizes":"64x64 32x32 24x24 16x16","type":"image/x-icon"},{"src":"logo192.png","type":"image/png","sizes":"192x192","purpose":"any maskable"},{"src":"logo512.png","type":"image/png","sizes":"512x512","purpose":"any maskable"}],"start_url":"/","display":"standalone","display_override":["window-controls-overlay"],"theme_color":"#FF3366","background_color":"#1a1a1a","orientation":"portrait","scope":"/","description":"Your personal travel Journey app","prefer_related_applications":true,"related_applications":[{"platform":"play","id":"com.wanderlist.app"}]}